File,Chromosome,Position,Variant Type,Count
AA,chrY_NC_051844.1,746830,DEL,1
AA,chrUn_JAAHUQ010002266v1,16985,DEL,1
AA,chrUn_JAAHUQ010002266v1,19662,DEL,1
AA,chrUn_JAAHUQ010002381v1,17820,DEL,1
AA,chrUn_JAAHUQ010002381v1,22852,INS,1
AB,chrUn_JAAHUQ010001163v1,111651,INS,1
AB,chrUn_JAAHUQ010001163v1,114779,DEL,1
AB,chrUn_JAAHUQ010002266v1,1852,INS,1
AB,chrUn_JAAHUQ010002266v1,16985,DEL,1
AB,chrUn_JAAHUQ010002266v1,17062,INS,1
AB,chrUn_JAAHUQ010002266v1,19662,DEL,1
AB,chrUn_JAAHUQ010002266v1,34819,DEL,1
AB,chrUn_JAAHUQ010002381v1,17820,DEL,1
AB,chrUn_JAAHUQ010002381v1,22852,INS,1
AB,chrUn_JAAHUQ010002381v1,32790,DEL,1
AB,chrUn_JAAHUQ010002733v1,11853,DEL,1
AE,chrY_NC_051844.1,746353,DEL,1
AE,chrY_NC_051844.1,746830,DEL,1
AE,chrUn_JAAHUQ010000936v1,220476,INS,1
AE,chrUn_JAAHUQ010002266v1,17036,DEL,1
AE,chrUn_JAAHUQ010002266v1,19662,DEL,1
AE,chrUn_JAAHUQ010002381v1,17820,DEL,1
AE,chrUn_JAAHUQ010002381v1,22852,INS,1
AE,chrUn_JAAHUQ010002769v1,24149,DEL,1
AC,chrUn_JAAHUQ010000936v1,220476,INS,1
AC,chrUn_JAAHUQ010001163v1,97996,INS,1
AC,chrUn_JAAHUQ010002266v1,2,BND,1
AC,chrUn_JAAHUQ010002266v1,1852,INS,1
AC,chrUn_JAAHUQ010002266v1,16985,DEL,1
AC,chrUn_JAAHUQ010002266v1,17069,INS,1
AC,chrUn_JAAHUQ010002266v1,19662,DEL,1
AC,chrUn_JAAHUQ010002266v1,34819,DEL,1
AC,chrUn_JAAHUQ010002381v1,17820,DEL,1
AC,chrUn_JAAHUQ010002381v1,22852,INS,1
AC,chrUn_JAAHUQ010002381v1,32790,DEL,1
AC,chrUn_JAAHUQ010002733v1,11853,DEL,1
AF,chrM,16729,BND,1
AF,chrUn_JAAHUQ010000936v1,193953,DEL,1
AF,chrUn_JAAHUQ010000936v1,231369,INS,1
AF,chrUn_JAAHUQ010001163v1,114779,DEL,1
AF,chrUn_JAAHUQ010002266v1,16985,DEL,1
AF,chrUn_JAAHUQ010002266v1,19662,DEL,1
AF,chrUn_JAAHUQ010002266v1,29622,DEL,1
AF,chrUn_JAAHUQ010002266v1,34819,DEL,1
AF,chrUn_JAAHUQ010002381v1,886,INS,1
AF,chrUn_JAAHUQ010002381v1,17820,DEL,1
AF,chrUn_JAAHUQ010002381v1,22852,INS,1
AF,chrUn_JAAHUQ010002381v1,32790,DEL,1
AF,chrUn_JAAHUQ010002733v1,11853,DEL,1
AF,chrUn_JAAHUQ010002769v1,24160,DEL,1
